#,Name,Notes,Player,,Date,Player Video,Difficulty,verifier?
1,Magma Bound,iPad,GDxPiano,,2026-07-08,https://www.youtube.com/watch?v=nBUdqbTmLwQ,demon-insane,y
2,Future Funk,iPad,GDxPiano,,2026-03-03,https://www.youtube.com/watch?v=St4KgD8LMr4,demon-hard,y
3,Sonic Wave 28-48%,keyboard,nilgd666,,2026-07-07,https://www.tiktok.com/@nilgd666/video/7659868086740307230,demon-extreme,
4,Jawbreaker,iPad,GDxPiano,,2026-04-19,https://www.youtube.com/watch?v=bbRGglZ9MKw,demon-hard,y
5,Megalovania,iPad,GDxPiano,,2026-03-30,https://www.youtube.com/watch?v=oSbIMuiA4iA,demon-hard,y
6,Nine Circles,iPad,GDxPiano,,2026-01-14,https://www.youtube.com/watch?v=GkW_tnkcbUc,demon-hard,y
7,Nine Circles,keyboard,veinti.28,,2026-07-07,https://www.tiktok.com/@veinti.28/video/7659911540283378964,demon-hard,
8,Windy Landscape 68-100%,keyboard,Ladidady,,2026-01-03,https://www.youtube.com/shorts/LrELiKnman8,demon-insane,
9,Explorers ,iPad,GDxPiano,,2026-03-12,https://www.youtube.com/watch?v=QgdR_ER9ryA,demon-medium,y
10,Ultra Violence,iPad,GDxPiano,,2026-01-26,https://www.youtube.com/watch?v=3huJkycz4C8,demon-medium,y
11,Sonic Wave 68-83%,"keyboard, ",nilgd666,,2026-06-07,https://www.tiktok.com/@nilgd666/video/7648698272063704351,demon-extreme,
12,Skeletal Shenanigans ,iPad,GDxPiano,,2025-12-20,https://www.youtube.com/watch?v=Ze_EV-rtzm4,demon-medium,y
13,Skeletal Shenanigans ,keyboard; 2nd coin,veinti.28,,2026-04-24,https://www.instagram.com/p/DXh2Upil93c/,demon-medium,
14,-Sirius-,iPad,GDxPiano,,2026-02-11,https://www.youtube.com/watch?v=eLxGvb7YUlE,demon-medium,y
15,Sonic Wave 87-100%,"keyboard, ",nilgd666,,2026-06-03,https://www.tiktok.com/@nilgd666/video/7647242902170586399,demon-extreme,
16,B,iPad,GDxPiano,,2026-04-29,https://www.youtube.com/watch?v=6XlLZ_xZq-U&pp=0gcJCSgLAYcqIYzv,demon-medium,y
17,iSpyWithMyLittleEye 1.25x speed,iPad,GDxPiano,,2026-06-29,https://www.youtube.com/watch?v=ZiksPox5xJE,demon-easy,
18,Deadlocked,iPad,GDxPiano,,2026-02-27,https://www.youtube.com/watch?v=IlpmP1YiSRE,demon-medium,y
19,Deadlocked 83%,"iPhone; 1st, 2nd, 3rd coin",keytoucher1434,,2026-05-27,https://www.instagram.com/p/DY20-U9AeK1/,demon-medium,
20,Sakupen Hell 16%,"keyboard, ",LShrinkOn,,2026-03-22,https://www.tiktok.com/@lshrinkon/video/7619923850704260382,demon-extreme,
21,Sonic Wave 28-37%,keyboard,nilgd666,,2026-07-06,https://www.tiktok.com/@nilgd666/video/7659629156728081694,demon-extreme,
22,Azurite 37%,keyboard,veinti.28,,2026-07-09,https://www.instagram.com/p/Dal0LMlpdcC/,demon-extreme,
23,Slaughterhouse 26-32%,"keyboard, ",LShrinkOn,,2026-03-22,https://www.tiktok.com/@lshrinkon/video/7619927847217417502,demon-extreme,
24,Azurite 25%,keyboard,veinti.28,,2026-07-08,https://www.instagram.com/p/DairWk4RPSd/,demon-extreme,
25,Acu 26%,"keyboard, ",LShrinkOn,,2026-03-22,https://www.tiktok.com/@lshrinkon/video/7619927207149948190,demon-extreme,
26,Denouement,keyboard,veinti.28,,2026-06-06,https://www.instagram.com/p/DZQvuO0JQWN/,demon-insane,y
27,Supersonic 5%,keyboard,Aurorae_Drago,,2024-09-10,https://www.youtube.com/shorts/7UkDF8fb0eo,demon-insane,
28,Jumper 2 hands + foot,"Joy-Con with foot; 1st, 2nd, 3rd coin",funkopotamuswes,,2026-05-14,https://www.instagram.com/p/DYVVEOcPoh6/,harder,y
29,Fingerdash 1.5x speed,"iPad, no coins",GDxPiano,,2026-05-11,https://www.youtube.com/watch?v=sqaFTg0eY5c,insane,
30,Death Moon,iPad,GDxPiano,,2026-03-17,https://www.youtube.com/watch?v=nA5mjESFgy0,demon-easy,y
31,Theory of Everything II,iPad,GDxPiano,,2026-02-07,https://www.youtube.com/watch?v=cbll6sTbiXQ,demon-easy,y
32,Clubstep,"iPad; 1st, 2nd, 3rd coin",GDxPiano,,2026-01-18,https://www.youtube.com/watch?v=vgMYoMAkeJY,demon-easy,
33,Clubstep,iPad; 1st coin,OllieCR,,2025-12-15,https://www.instagram.com/p/DSSieuEDGbd/,demon-easy,y
34,iSpyWithMyLittleEye,iPad,GDxPiano,,2025-12-30,https://www.youtube.com/watch?v=JxQ1zD-3Fm4,demon-easy,y
35,iSpyWithMyLittleEye,iPad,Pianotopian,,2026-01-18,https://www.youtube.com/watch?v=awXyisjfTWI,demon-easy,
36,iSpyWithMyLittleEye,keyboard,veinti.28,,2026-06-26,https://www.instagram.com/p/DaBR0BTJlKi/,demon-easy,
37,Electrodynamix,iPad,GDxPiano,,2026-01-16,https://www.youtube.com/watch?v=FfD3s8zRr1M,insane,y
38,Unnerfed Sakupen Circles 39% + 80-100%,iPad,GDxPiano,,2026-05-24,https://www.youtube.com/watch?v=ZUab-Ew8AyY ,demon-extreme,
39,Poltergeist 26%,keyboard,keytoucher1434,,2026-06-02,https://www.instagram.com/p/DZD25zCxdZN/,demon-insane,
40,Polargeist 2 hands + foot,iPad,GDxPiano,,2026-02-17,https://www.youtube.com/watch?v=0T5Fo2JOqSI,normal,y
41,Fingerdash,"iPhone; 1st, 2nd, 3rd coin",keytoucher1434,,2026-01-25,https://www.instagram.com/p/DT876EXEcyp/,insane,y
42,ReTraY blindfolded,iPad,GDxPiano,,2026-03-23,https://www.youtube.com/watch?v=GrFXq8l65oo,normal,y
43,LIMBO 82-100%,iPad,GDxPiano,,2026-06-13,https://www.youtube.com/watch?v=jOLl8fY79B0 ,demon-extreme,
44,Wasureta 9-20%,iPhone,keytoucher1434,,2026-03-12,https://www.instagram.com/p/DVzoNb3kcyg/,demon-extreme,
45,Sonic Wave 16%,iPad,OllieCR,,2025-12-14,https://www.tiktok.com/@olliecrpiano/video/7583729628544535830,demon-extreme,
46,Bloodbath 53-71%,iPhone,bloonkbok,,2026-06-08,https://www.tiktok.com/@bloonkbok/video/7648891019068460319,demon-extreme,
47,Acu 13%,keyboard,keytoucher1434,,2026-05-31,https://www.instagram.com/p/DZBe-1BxuDr/,demon-extreme,
48,Stereo Madness 2 hands + foot,"iPad,",GDxPiano,,2026-01-07,https://www.youtube.com/watch?v=agxgIR-Okh8&pp=0gcJCSgLAYcqIYzv,easy,y
49,Back on Track 2 hands + foot,"iPad, ",GDxPiano,,2026-01-30,https://www.youtube.com/watch?v=igf6HAkWBG4,easy,y
50,Take Two 45%,"keyboard, 2P level",keytoucher1434,,2026-05-14,https://www.instagram.com/p/DYVXQVERc6Q/,demon-medium,
51,Mountain King 64%,iPhone,keytoucher1434,,2026-02-07,https://www.instagram.com/p/DUefqF9kRyx/,demon-medium,
52,MikuMikuMikuMiku 42%,keyboard,keytoucher1434,,2026-06-26,https://www.instagram.com/p/DaEhhulxR5m/,demon-insane,
53,Sakupen Egg 39%,"keyboard, ",LShrinkOn,,2026-03-22,https://www.tiktok.com/@lshrinkon/video/7619923602518887711,demon-medium,
54,Deadlocked 36%,"keyboard, ",LShrinkOn,,2026-03-22,https://www.tiktok.com/@lshrinkon/video/7619922942645816607,demon-medium,
55,SpongeBob heart monitor 96%,"keyboard, ",LShrinkOn,,2026-03-22,https://www.tiktok.com/@lshrinkon/video/7619924804627352862,unrated,
56,Electroman Adventures ,"keyboard; 1st, 2nd, 3rd coin",veinti.28,,2026-04-29,https://www.instagram.com/p/DXupal-iYKq/,insane,
57,Electroman Adventures,"iPad, all 3 coins",AlphaLynx,,2025-12-09,https://www.instagram.com/reel/DSBlDaliTRh/,insane,y
58,Clutterfunk,"iPad; 1st, 2nd, 3rd coin",GDxPiano,,2026-01-22,https://www.youtube.com/watch?v=6EUXGKddaRc,insane,
59,Clutterfunk,iPad; no coins,OllieCR,,2025-12-12,https://www.instagram.com/p/DSK6WPjDFbm/,insane,
60,Clutterfunk,iPad;,AlphaLynx,,2025-11-25,https://www.youtube.com/shorts/RYu00nx4Vko,insane,y
61,Clutterfunk,iPad; 3rd coin,resonance.society,,2026-04-18,https://www.tiktok.com/@resonance.society/video/7629973744315895061,insane,
62,Fingerdash,iPad,alvarolmrr,,2026-03-10,https://www.youtube.com/shorts/dDY4dJIBaPk,insane,
63,Jumper,"iPad; 1st, 2nd, 3rd coin",Pianotopian,,2026-01-24,https://www.youtube.com/watch?v=RggnOC4oC8k,harder,
64,Jumper ,iPad; 2nd coin,AlphaLynx,,2025-11-05,https://www.instagram.com/p/DQswMHokTOe/,harder,y
65,Jumper,iPad; 2nd coin,resonance.society,,2026-04-03,https://www.tiktok.com/@resonance.society/video/7624367902136798485,harder,
66,Jumper,iPad,alvarolmrr,,2025-11-14,https://www.youtube.com/shorts/-Mn2RpFm57g,harder,
67,Jumper,keyboard;,lislpiano,,2026-03-25,https://www.tiktok.com/@lislpiano/video/7621192235937287446,harder,
68,Jumper,keyboard; 2nd coin,veinti.28,,2026-04-18,https://www.instagram.com/reel/DXSobJYCXAv/,harder,
69,Hexagon Force,"iPad, ",GDxPiano,,2026-01-11,https://www.youtube.com/watch?v=GcGnEQPdPc4,insane,y
70,Hexagon Force,keyboard,veinti.28,,2026-05-09,https://www.instagram.com/p/DYGBT65PFCc/,insane,
71,xStep,iPad,AlphaLynx,,2025-11-19,https://www.instagram.com/reel/DRN_WOEgeRf/,insane,y
72,xStep,iPad; 1st coin,resonance.society,,2026-04-06,https://www.tiktok.com/@resonance.society/video/7625398926719438100,insane,
73,xStep,keyboard; all 3 coins,veinti.28,,2026-04-06,https://www.instagram.com/p/DWy5Rb3jE3l/,insane,
74,Time Machine,"iPad; 1st, 2nd coins",AlphaLynx,,2025-11-11,https://www.instagram.com/reel/DQ7AABDCeuc/,harder,y
75,Time Machine,"iPad; 1st, 3rd coin",resonance.society,,2026-04-04,https://www.tiktok.com/@resonance.society/video/7624730490087476500,harder,
76,Time Machine,iPad,Pianotopian,,2026-03-01,https://www.youtube.com/watch?v=b_JTHeaQd-E,harder,
77,Time Machine,iPad,alvarolmrr,,2025-11-29,https://www.youtube.com/shorts/brGa_m0dbts,harder,
78,Sunshine,keyboard,veinti.28,,2026-05-16,https://www.instagram.com/p/DYaEPJnvUV-/,harder,y
79,Power Trip,iPad,Pianotopian,,2026-01-09,https://www.youtube.com/watch?v=7QhzGRp4b3c,harder,y
80,Blast Processing,iPad,Pianotopian,,2025-12-31,https://www.youtube.com/watch?v=SEItiSlKfeU,harder,
81,Blast Processing,iPad,GDxPiano,,2026-01-05,https://www.youtube.com/watch?v=WyEX5C-kObE,harder,
82,Blast Processing,iPad,alvarolmrr,,2025-12-28,https://www.youtube.com/shorts/5m-g1pAFKH0,harder,y
83,Geometrical Dominator,iPad,alvarolmrr,,2026-01-13,https://www.youtube.com/shorts/1gn75E-Z7ZA,harder,y
84,The Nightmare,iPad,GDxPiano,,2026-01-09,https://www.youtube.com/watch?v=YVrqJW_jgn8,demon-easy,y
85,The Nightmare,"keyboard, ",LShrinkOn,,2026-03-22,https://www.tiktok.com/@lshrinkon/video/7619926885153197342,demon-easy,
86,Cant Let Go,"iPad; 1st, 2nd, 3rd coin",AlphaLynx,,2025-11-02,https://www.instagram.com/p/DQkjNVgks4M/,hard,y
87,Cant Let Go,"iPad; 1st, 2nd, 3rd coin",Pianotopian,,2025-11-24,https://www.youtube.com/watch?v=th3xdQFE87Q,hard,
88,Cant Let Go,iPad; all 3 coins,resonance.society,,2026-04-01,https://www.tiktok.com/@resonance.society/video/7623670627031108884,hard,
89,Cant Let Go,iPad,alvarolmrr,,2025-11-06,https://www.youtube.com/shorts/qS64lxTR1_U,hard,
90,Cant Let Go,"keyboard; 1st, 2nd, 3rd coin",veinti.28,,2026-06-18,https://www.instagram.com/p/DZvWbtMJOh6/,hard,
91,Cant Let Go,"keyboard; 1st, 2nd coin",keytoucher1434,,2025-11-16,https://www.tiktok.com/@keytoucher1434/video/7573445894188715295,hard,
92,Xmas Challenge,iPad,Pianotopian,,2025-12-25,https://www.youtube.com/watch?v=r5crtpnf894,easy,y
93,Back on Track 2 hands,iPad,OllieCR,,2025-12-11,https://www.instagram.com/p/DSIPNNkjDuV/,easy,
94,Theory of Everything,iPad,AlphaLynx,,2025-12-05,https://www.youtube.com/shorts/8g5RTuzHY-o,insane,y
95,Cycles,iPad; all 3 coins,OllieCR,,2025-12-16,https://www.instagram.com/reels/DSVFqVGjPkR/,harder,
96,Cycles,"iPad; 1st, 2nd coins",AlphaLynx,,2025-11-15,https://www.instagram.com/reel/DRDmNrZAVHf/,harder,y
97,Cycles,"iPad; 1st, 3rd coin",Pianotopian,,2026-05-14,https://www.youtube.com/watch?v=BbuKXmi9s_0,harder,
98,Cycles,iPad,resonance.society,,2026-04-05,https://www.tiktok.com/@resonance.society/video/7625073639041289492,harder,
99,Cycles,iPad,alvarolmrr,,2025-12-14,https://www.youtube.com/shorts/JMyeCD5dO3c,harder,
100,Cycles,keyboard,veinti.28,,2026-04-14,https://www.instagram.com/p/DXHu3VXj3eU/,harder,
101,Airborne Robots,iPad,Pianotopian,,2025-12-27,https://www.youtube.com/watch?v=6yta8dnduzE,hard,y
102,Nock Em,iPad,Pianotopian,,2025-12-22,https://www.youtube.com/watch?v=xQQnB5pVSMQ,hard,y
103,Dry Out,iPad; all 3 coins,AlphaLynx,,2025-10-19,https://www.instagram.com/reel/DP95TcTklLI/,normal,y
104,Dry Out,"iPad; 1st, 2nd coin",resonance.society,,2026-03-30,https://www.tiktok.com/@resonance.society/video/7622935210782461205,normal,
105,Dry Out ,iPad,Pianotopian,,2025-11-02,https://www.youtube.com/watch?v=xP6FKVvPEwc,normal,
106,Dry Out,iPad,alvarolmrr,,2025-10-30,https://www.youtube.com/shorts/LuWxKv7Gwnc,normal,
107,Base After Base,"iPhone; 1st, 2nd, 3rd coin",bloonkbok,,2026-06-01,https://www.tiktok.com/@bloonkbok/video/7646191872490196255,hard,
108,Base After Base,"Phone; 1st, 2nd, 3rd coin",FreezeMario,,2025-12-17,https://www.youtube.com/watch?v=b0zdRoavmK0,hard,
109,Base After Base,iPad; all 3 coins,AlphaLynx,,2025-10-23,https://www.instagram.com/reel/DQIdwYlgWIq/,hard,y
110,Base After Base,"iPad; 1st, 2nd, 3rd coin",Pianotopian,,2025-11-09,https://www.youtube.com/watch?v=YesfEqsw8CA,hard,
111,Base After Base,iPad; all 3 coins,resonance.society,,2026-03-31,https://www.tiktok.com/@resonance.society/video/7623312752521547028,hard,
112,Base after Base,iPad,alvarolmrr,,2025-11-02,https://www.youtube.com/shorts/H0G9V3V3zqY,hard,
113,Base After Base,"keyboard; 1st, 2nd, 3rd coin",veinti.28,,2026-05-26,https://www.instagram.com/p/DYyeWz7Mawg/,hard,
114,Base After Base,keyboard,Mestra_Flow,,2026-06-29,https://www.tiktok.com/@mestra_flow/video/7656627499916463368,hard,
115,Base after Base,keyboard;,Faviero,,2026-04-28,https://www.youtube.com/live/fiNW1H52ouc?si=P4gbm67Ph3gJmADJ&t=3685,hard,
116,Childlike,keyboard,LShrinkOn,,2026-03-22,https://www.tiktok.com/@lshrinkon/video/7619925719782526239,unrated,y
117,Change of Scene 2 hands + foot 74-83%,keyboard,is_that_radders,,2026-02-17,https://www.tiktok.com/@is_that_radders/video/7607618367570136342,demon-easy,
118,Polargeist,iPad;,Pianotopian,,2024-12-30,https://www.youtube.com/watch?v=yCS7v3RT9UA,normal,y
119,Polargeist,iPad;,AlphaLynx,,2025-10-04,https://www.instagram.com/reel/DPXS41agUC1/,normal,
120,Polargeist,iPad; ,resonance.society,,2026-03-29,https://www.tiktok.com/@resonance.society/video/7622486388465847572,normal,
121,Polargeist,iPad,alvarolmrr,,2025-10-28,https://www.youtube.com/shorts/qhl3CH0_C6s,normal,
122,Polargeist,keyboard;,lislpiano,,2026-01-21,https://www.tiktok.com/@lislpiano/video/7597784660197903638,normal,
123,Polargeist,keyboard;,Faviero,,2026-04-28,https://www.youtube.com/live/fiNW1H52ouc?si=ffYrr5UpnJI8otuk&t=1876,normal,
124,Press Start,iPad,Pianotopian,,2025-12-13,https://www.youtube.com/watch?v=b1sQf4IJec4,normal,y
125,Viking Arena,iPad,Pianotopian,,2025-12-19,https://www.youtube.com/watch?v=Rcvwsl841Wo,normal,y
126,Bloodbath 93-99%,"keyboard, ",LShrinkOn,,2026-03-22,https://www.tiktok.com/@lshrinkon/video/7619924513488211230,demon-extreme,
127,Bloodbath 7%,"keyboard, ",LShrinkOn,,2026-03-22,https://www.tiktok.com/@lshrinkon/video/7619925932614225182,demon-extreme,
128,Bloodbath 4%,iPhone,keytoucher1434,,2025-12-23,https://www.instagram.com/p/DSoByY3kekB/,demon-extreme,
129,Bloodbath 16-27%,iPad,OllieCR,,2025-12-13,https://www.instagram.com/p/DSNajvyDOsb/,demon-extreme,
130,The Challenge,iPad,Pianotopian,,2025-12-25,https://youtu.be/r5crtpnf894?si=yP-8Y_iSX767hQ3v&t=87,unrated,y
131,Acu 6%,iPhone,keytoucher1434,,2026-05-26,https://www.instagram.com/p/DY0tpStRwQQ/,demon-extreme,
132,Stereo Madness,iPhone; beatboxing,Awalbrok,,2022-06-05,https://www.youtube.com/watch?v=l1f9vn8Y5fE ,easy,y
133,Stereo Madness,"iPad, beat with toe",shasaid1thing,,2026-01-10,https://www.tiktok.com/@shasaid1thing/video/7593823603011947809,easy,
134,Stereo Madness ,"iPhone,",GDNinjaOfficial,,2026-06-10,https://www.youtube.com/shorts/LFj0mjoY1ZE,easy,
135,Stereo Madness,iPhone; all 3 coins,Paulthefourth4,,2022-08-15,https://www.youtube.com/watch?v=EZ7g_gikTs0,easy,
136,Stereo Madness ,"iPad, all coins",Pianotopian,,2024-06-26,https://www.youtube.com/watch?v=SFGAzy1imEU,easy,
137,Stereo Madness ,"iPad, all coins",AlphaLynx,,2025-09-28,https://www.instagram.com/reel/DPHyQVhElvg/,easy,
138,Stereo Madness,iPad; all 3 coins,austonwang,,2026-01-18,https://www.tiktok.com/@austonwang/video/7596504350768385311,easy,
139,Stereo Madness,Phone,BeatBakstBeatboxing,,2026-06-10,https://www.youtube.com/shorts/dJOIkUv7i_I,easy,
140,Stereo Madness ,iPad,ollie_r08,,2025-10-03,https://www.tiktok.com/@ollie_r08/video/7557153626964217143,easy,
141,Stereo Madness ,iPad; partial clip in video  (46-100),VegtamMusicCovers,,2024-07-26,https://www.youtube.com/shorts/aImgrUp_7tk,easy,
142,Stereo Madness,iPad,notsethagain,,2026-03-11,https://www.tiktok.com/@notsethagain/video/7615845365966785823,easy,
143,Stereo Madness,iPad;,resonance.society,,2026-03-27,https://www.tiktok.com/@resonance.society/video/7621749199201275157,easy,
144,Stereo Madness,keyboard;,Faviero,,2026-04-28,https://www.youtube.com/live/fiNW1H52ouc?si=d8nGjiSwhi1gP-DJ&t=306,easy,
145,Stereo Madness ,keyboard,aidanplayspiano1,,2026-01-24,https://www.tiktok.com/@aidanplayspiano1/video/7599100574453304589,easy,
146,Stereo Madness,keyboard,rodacosta22,,2026-06-21,https://www.tiktok.com/@rodacosta22/video/7653649886503554312,easy,
147,Stereo Madness,keyboard,Mestra_Flow,,2026-05-21,https://www.tiktok.com/@mestra_flow/video/7642178919839337736,easy,
148,Stereo Madness,keyboard;,lislpiano,,2026-01-17,https://www.tiktok.com/@lislpiano/video/7596304326394694915,easy,
149,Stereo Madness,keyboard;,RowOGD,,2025-12-29,https://www.youtube.com/watch?v=a6zfIiGVjx4,easy,
150,Stereo Madness,keyboard; browser knockoff gd?,DeDumplingGamer,,2025-11-26,https://www.youtube.com/watch?v=J3TZlaQj8qU,easy,
151,Stereo Madness,keyboard; all 3 coins,jonahbtmusic,,2026-01-23,https://www.instagram.com/reel/DT1iA97jGmH/,easy,
152,Stereo Madness,keyboard; all 3 coins,penguinxlabs,,2026-03-02,https://www.instagram.com/p/DVXqvnQjvht/,easy,
153,Stereo Madness,iPad,alvarolmrr,,2025-10-25,https://www.youtube.com/shorts/ouSWNu0xwfg,easy,
154,The Seven Seas,iPad,Pianotopian,,2025-12-07,https://www.youtube.com/watch?v=6EDw8Y8W1JQ,easy,y
155,Back on Track,"iPhone, all coins",jerryyyzhang,,2026-05-19,https://www.tiktok.com/@jerryyyzhang/video/7641448518669847822,easy,
156,Back on Track,trackpad,mikeys_piano,,2025-11-22,https://www.instagram.com/p/DRW8ZXUilAq/,easy,
157,Back on Track,iPad; all 3 coins,Pianotopian,,2024-07-13,https://www.youtube.com/watch?v=sCumMcGZY40,easy,y
158,Back on Track,iPad; all 3 coins,RyotaF.Z,,2024-09-14,https://www.youtube.com/watch?v=jXzP73_l5BY,easy,
159,Back on Track,"iPad, all coins",AlphaLynx,,2025-09-30,https://www.instagram.com/reel/DPNP6X9j82y/,easy,
160,Back on Track,iPad,resonance.society,,2026-04-01,https://www.tiktok.com/@resonance.society/video/7623670627031108884,easy,
161,Back on Track,iPad,TheEpicGamerBoyYT,,2025-11-26,https://www.youtube.com/watch?v=Klb0VA-VvDk,easy,
162,Back on Track,iPad;,shasaid1thing,,2026-01-12,https://www.tiktok.com/@shasaid1thing/video/7594538281673461025,easy,
163,Back on Track,iPad,alvarolmrr,,2025-10-26,https://www.youtube.com/shorts/5Ouue7q3p24,easy,
164,Back on Track,keyboard; all 3 coins,xArash7,,2026-07-09,https://www.youtube.com/watch?v=tEE2pxyNd4g,easy,
165,Back on Track,keybaord; ,lislpiano,,2026-01-18,https://www.tiktok.com/@lislpiano/video/7596692934171397398,easy,
166,Back on Track,keyboard,dena1628,,2026-06-10,https://www.tiktok.com/@dena1628/video/7649519518896688406,easy,
167,Back on Track,keyboard,Mestra_Flow,,2026-07-01,https://www.tiktok.com/@mestra_flow/video/7657398501847878920,easy,
168,Back on Track,keyboard;,Faviero,,2026-04-28,https://www.youtube.com/live/fiNW1H52ouc?si=nfjvkmzhtl7512KP&t=1048,easy,
169,Back on Track,keyboard,jonahbtmusic,,2026-01-26,https://www.instagram.com/reels/DT9BH1KD854/,easy,
170,yt shorts wave challenge,iPhone,alexpiano111,,2025-10-25,https://www.tiktok.com/@alexpiano111/video/7565252376563551501,unrated,y
171,,,,,,,,
172,,,,,,,,
173,,,,,,,,
174,,,,,,,,
175,,,,,,,,
176,,,,,,,,
177,,,,,,,,
178,,,,,,,,
179,,,,,,,,
180,,,,,,,,
181,,,,,,,,
182,,,,,,,,
183,,,,,,,,
184,,,,,,,,
185,,,,,,,,
186,,,,,,,,
187,,,,,,,,
188,,,,,,,,
189,,,,,,,,
190,,,,,,,,
191,,,,,,,,
192,,,,,,,,
193,,,,,,,,
194,,,,,,,,
195,,,,,,,,
196,,,,,,,,
197,,,,,,,,
198,,,,,,,,
199,,,,,,,,
200,,,,,,,,
201,,,,,,,,
202,,,,,,,,
203,,,,,,,,
204,,,,,,,,
205,,,,,,,,
206,,,,,,,,
207,,,,,,,,
208,,,,,,,,
209,,,,,,,,
210,,,,,,,,
211,,,,,,,,
212,,,,,,,,
213,,,,,,,,
214,,,,,,,,
215,,,,,,,,
216,,,,,,,,
217,,,,,,,,
218,,,,,,,,
219,,,,,,,,
220,,,,,,,,
221,,,,,,,,
222,,,,,,,,
223,,,,,,,,
224,,,,,,,,
225,,,,,,,,
226,,,,,,,,
227,,,,,,,,
228,,,,,,,,
229,,,,,,,,
230,,,,,,,,
231,,,,,,,,
232,,,,,,,,
233,,,,,,,,
234,,,,,,,,
235,,,,,,,,
236,,,,,,,,
237,,,,,,,,
238,,,,,,,,
239,,,,,,,,
240,,,,,,,,
241,,,,,,,,
242,,,,,,,,
243,,,,,,,,
244,,,,,,,,
245,,,,,,,,
246,,,,,,,,
247,,,,,,,,
248,,,,,,,,
249,,,,,,,,
250,,,,,,,,
251,,,,,,,,
252,,,,,,,,
253,,,,,,,,
254,,,,,,,,
255,,,,,,,,
256,,,,,,,,
257,,,,,,,,
258,,,,,,,,
259,,,,,,,,
260,,,,,,,,
261,,,,,,,,
262,,,,,,,,
263,,,,,,,,
264,,,,,,,,
265,,,,,,,,
266,,,,,,,,
267,,,,,,,,
268,,,,,,,,
269,,,,,,,,
270,,,,,,,,
271,,,,,,,,
272,,,,,,,,
273,,,,,,,,
274,,,,,,,,
275,,,,,,,,
276,,,,,,,,
277,,,,,,,,
278,,,,,,,,
279,,,,,,,,
280,,,,,,,,
281,,,,,,,,
282,,,,,,,,
283,,,,,,,,
284,,,,,,,,
285,,,,,,,,
286,,,,,,,,
287,,,,,,,,
288,,,,,,,,
289,,,,,,,,
290,,,,,,,,
291,,,,,,,,
292,,,,,,,,
293,,,,,,,,
294,,,,,,,,
295,,,,,,,,
296,,,,,,,,
297,,,,,,,,
298,,,,,,,,
299,,,,,,,,
300,,,,,,,,
301,,,,,,,,
302,,,,,,,,
303,,,,,,,,
304,,,,,,,,
305,,,,,,,,
306,,,,,,,,
307,,,,,,,,
308,,,,,,,,
309,,,,,,,,
310,,,,,,,,
311,,,,,,,,
312,,,,,,,,
313,,,,,,,,
314,,,,,,,,
315,,,,,,,,
316,,,,,,,,
317,,,,,,,,
318,,,,,,,,
319,,,,,,,,
320,,,,,,,,
321,,,,,,,,
322,,,,,,,,
323,,,,,,,,
324,,,,,,,,
325,,,,,,,,
326,,,,,,,,
327,,,,,,,,
328,,,,,,,,
329,,,,,,,,
330,,,,,,,,
331,,,,,,,,
332,,,,,,,,
333,,,,,,,,
334,,,,,,,,
335,,,,,,,,
336,,,,,,,,
337,,,,,,,,
338,,,,,,,,
339,,,,,,,,
340,,,,,,,,
341,,,,,,,,
342,,,,,,,,
343,,,,,,,,
344,,,,,,,,
345,,,,,,,,
346,,,,,,,,
347,,,,,,,,
348,,,,,,,,
349,,,,,,,,
350,,,,,,,,
351,,,,,,,,
352,,,,,,,,
353,,,,,,,,
354,,,,,,,,
355,,,,,,,,
356,,,,,,,,
357,,,,,,,,
358,,,,,,,,
359,,,,,,,,
360,,,,,,,,
361,,,,,,,,
362,,,,,,,,
363,,,,,,,,
364,,,,,,,,
365,,,,,,,,
366,,,,,,,,
367,,,,,,,,
368,,,,,,,,
369,,,,,,,,
370,,,,,,,,
371,,,,,,,,
372,,,,,,,,
373,,,,,,,,
374,,,,,,,,
375,,,,,,,,
376,,,,,,,,
377,,,,,,,,
378,,,,,,,,
379,,,,,,,,
380,,,,,,,,
381,,,,,,,,
382,,,,,,,,
383,,,,,,,,
384,,,,,,,,
385,,,,,,,,
386,,,,,,,,
387,,,,,,,,
388,,,,,,,,
389,,,,,,,,
390,,,,,,,,
391,,,,,,,,
392,,,,,,,,
393,,,,,,,,
394,,,,,,,,
395,,,,,,,,
396,,,,,,,,
397,,,,,,,,
398,,,,,,,,
399,,,,,,,,
400,,,,,,,,
401,,,,,,,,
402,,,,,,,,
403,,,,,,,,
404,,,,,,,,
405,,,,,,,,
406,,,,,,,,
407,,,,,,,,
408,,,,,,,,
409,,,,,,,,
410,,,,,,,,
411,,,,,,,,
412,,,,,,,,
413,,,,,,,,
414,,,,,,,,
415,,,,,,,,
416,,,,,,,,
417,,,,,,,,
418,,,,,,,,
419,,,,,,,,
420,,,,,,,,
421,,,,,,,,
422,,,,,,,,
423,,,,,,,,
424,,,,,,,,
425,,,,,,,,
426,,,,,,,,
427,,,,,,,,
428,,,,,,,,
429,,,,,,,,
430,,,,,,,,
431,,,,,,,,
432,,,,,,,,
433,,,,,,,,
434,,,,,,,,
435,,,,,,,,
436,,,,,,,,
437,,,,,,,,
438,,,,,,,,
439,,,,,,,,
440,,,,,,,,
441,,,,,,,,
442,,,,,,,,
443,,,,,,,,
444,,,,,,,,
445,,,,,,,,
446,,,,,,,,
447,,,,,,,,
448,,,,,,,,
449,,,,,,,,
450,,,,,,,,
451,,,,,,,,
452,,,,,,,,
453,,,,,,,,
454,,,,,,,,
455,,,,,,,,
456,,,,,,,,
457,,,,,,,,
458,,,,,,,,
459,,,,,,,,
460,,,,,,,,
461,,,,,,,,
462,,,,,,,,
463,,,,,,,,
464,,,,,,,,
465,,,,,,,,
466,,,,,,,,
467,,,,,,,,
468,,,,,,,,
469,,,,,,,,
470,,,,,,,,
471,,,,,,,,
472,,,,,,,,
473,,,,,,,,
474,,,,,,,,
475,,,,,,,,
476,,,,,,,,
477,,,,,,,,
478,,,,,,,,